id,house,name,listed notes,read as,top families,source
chanel-no5,Chanel,N°5 Eau de Parfum,aldehydes; ylang-ylang; neroli; bergamot; lemon; jasmine; rose; iris; lily of the valley; sandalwood; vetiver; vanilla; amber; musk; patchouli,jasmine; rose; iris; lily; sandalwood; vetiver,woods 24%; musk_powder 20%; citrus 16%,reference
chanel-coco-mademoiselle,Chanel,Coco Mademoiselle,orange; bergamot; grapefruit; rose; jasmine; lychee; patchouli; vetiver; vanilla; white musk,rose; jasmine; lychee; patchouli; vetiver; vanilla,citrus 24%; woods 24%; gourmand 12%,reference
chanel-bleu,Chanel,Bleu de Chanel,grapefruit; lemon; mint; pink pepper; bergamot; aldehydes; ginger; nutmeg; jasmine; incense; amber; cedar; sandalwood; patchouli; labdanum; white musk,amber; ginger; jasmine; incense; cedar; sandalwood,woods 22%; amber 22%; spices 17%,reference
chanel-allure-homme-sport,Chanel,Allure Homme Sport,orange; sea notes; aldehydes; pepper; neroli; cedar; tonka bean; vanilla; white musk; amber; vetiver,pepper; neroli; cedar; tonka; vanilla; musk,gourmand 21%; woods 19%; musk_powder 18%,reference
dior-sauvage,Dior,Sauvage,bergamot; pepper; sichuan pepper; lavender; pink pepper; vetiver; patchouli; geranium; elemi; ambroxan; cedar; labdanum,pepper; lavender; vetiver; patchouli; benzoin; ambergris,woods 26%; spices 23%; amber 18%,reference
dior-jadore,Dior,J'adore,pear; bergamot; mandarin; jasmine; rose; ylang-ylang; tuberose; musk; vanilla; cedar,jasmine; rose; ylang; tuberose; musk; vanilla,white_florals 30%; citrus 16%; gourmand 12%,reference
dior-miss-dior,Dior,Miss Dior Eau de Parfum,mandarin; iris; rose; peony; lily of the valley; musk; vanilla; woods,rose; peony; lily; musk; vanilla; mandarin,florals 37%; musk_powder 24%; gourmand 15%,reference
dior-hypnotic-poison,Dior,Hypnotic Poison,coconut; plum; apricot; jasmine; tuberose; caraway; rose; vanilla; almond; sandalwood; musk,jasmine; tuberose; rose; vanilla; almond; sandalwood,gourmand 29%; white_florals 18%; fruity 14%,reference
dior-homme-intense,Dior,Dior Homme Intense,lavender; pear; iris; ambrette; vetiver; cedar,iris; musk; vetiver; cedar; lavender; pear,woods 40%; musk_powder 33%; green 13%,reference
ysl-black-opium,Yves Saint Laurent,Black Opium,pear; pink pepper; orange blossom; coffee; jasmine; bitter almond; vanilla; patchouli; cedar; cashmere wood,coffee; jasmine; almond; vanilla; patchouli; cedar,woods 35%; gourmand 31%; white_florals 18%,reference
ysl-libre,Yves Saint Laurent,Libre,lavender; mandarin; blackcurrant; petitgrain; lavender; orange blossom; jasmine; vanilla; musk; cedar; ambergris,lavender; orange_blossom; jasmine; vanilla; musk; cedar,musk_powder 22%; white_florals 18%; green 16%,reference
ysl-y,Yves Saint Laurent,Y Eau de Parfum,apple; ginger; bergamot; sage; juniper berries; geranium; amberwood; tonka bean; cedar; vetiver; olibanum,sage; herbs; amber; tonka; cedar; vetiver,woods 21%; amber 21%; green 18%,reference
lancome-la-vie-est-belle,Lancôme,La Vie Est Belle,blackcurrant; pear; iris; jasmine; orange blossom; praline; vanilla; patchouli; tonka bean,iris; jasmine; orange_blossom; caramel; vanilla; patchouli,gourmand 38%; white_florals 21%; fruity 17%,reference
ch-good-girl,Carolina Herrera,Good Girl,almond; coffee; bergamot; lemon; tuberose; jasmine sambac; orange blossom; rose; tonka bean; cocoa; vanilla; praline; sandalwood; musk; amber; cinnamon,tuberose; jasmine; orange_blossom; rose; tonka; chocolate,gourmand 38%; white_florals 18%; citrus 10%,reference
vr-flowerbomb,Viktor&Rolf,Flowerbomb,tea; bergamot; osmanthus; jasmine; orange blossom; freesia; rose; orchid; patchouli; musk,jasmine; orange_blossom; lily; rose; magnolia; patchouli,florals 39%; white_florals 20%; woods 12%,reference
vr-spicebomb,Viktor&Rolf,Spicebomb,bergamot; grapefruit; elemi; pink pepper; cinnamon; saffron; chili; leather; tobacco; vetiver,cinnamon; saffron; leather; tobacco; vetiver; bergamot,spices 39%; oud_leather 24%; citrus 16%,reference
mj-daisy,Marc Jacobs,Daisy,strawberry; violet leaf; grapefruit; violet; jasmine; gardenia; musk; vanilla; white woods,violet; jasmine; gardenia; musk; vanilla; berries,white_florals 22%; gourmand 13%; woods 13%,reference
gucci-bloom,Gucci,Bloom,tuberose; jasmine; rangoon creeper; orris; sandalwood,jasmine; iris; sandalwood; tuberose,white_florals 43%; woods 29%; musk_powder 29%,reference
tf-black-orchid,Tom Ford,Black Orchid,truffle; gardenia; blackcurrant; ylang-ylang; bergamot; orchid; spices; lotus; chocolate; patchouli; vanilla; incense; amber; sandalwood; vetiver,magnolia; chocolate; patchouli; vanilla; incense; amber,woods 23%; gourmand 16%; amber 16%,reference
tf-lost-cherry,Tom Ford,Lost Cherry,black cherry; cherry liqueur; bitter almond; rose; jasmine sambac; peru balsam; tonka bean; vanilla; sandalwood; cedar; vetiver,cherry; rose; jasmine; benzoin; tonka; vanilla,woods 31%; gourmand 28%; fruity 14%,reference
tf-tobacco-vanille,Tom Ford,Tobacco Vanille,tobacco leaf; spicy notes; vanilla; cacao; tonka bean; tobacco blossom; dried fruits; woody notes,tobacco; vanilla; chocolate; tonka; plum; woods,gourmand 38%; oud_leather 23%; fruity 15%,reference
tf-oud-wood,Tom Ford,Oud Wood,rosewood; cardamom; pepper; oud; sandalwood; vetiver; tonka bean; amber,oud; sandalwood; vetiver; tonka; amber; cardamom,woods 36%; spices 21%; gourmand 15%,reference
tf-neroli-portofino,Tom Ford,Neroli Portofino,bergamot; lemon; mandarin; lavender; rosemary; neroli; orange blossom; jasmine; amber; angelica,herbs; neroli; orange_blossom; jasmine; amber; bergamot,citrus 36%; green 30%; white_florals 21%,reference
tf-ombre-leather,Tom Ford,Ombré Leather,cardamom; leather; jasmine sambac; patchouli; amber; moss,leather; jasmine; patchouli; amber; moss; cardamom,woods 38%; amber 19%; white_florals 16%,reference
ariana-cloud,Ariana Grande,Cloud,lavender; pear; bergamot; whipped cream; praline; coconut; vanilla orchid; musk; woody notes,milk; caramel; coconut; vanilla; musk; lavender,gourmand 45%; woods 14%; musk_powder 14%,reference
kayali-vanilla-28,Kayali,Vanilla 28,vanilla orchid; brown sugar; tonka bean; amber; musk,tonka; amber; musk; vanilla; caramel,gourmand 52%; amber 24%; musk_powder 24%,reference
glossier-you,Glossier,Glossier You,pink pepper; iris; ambrette; ambrox; musk,musk; iris; ambergris; pepper,musk_powder 85%; spices 15%,reference
byredo-gypsy-water,Byredo,Gypsy Water,bergamot; lemon; pepper; juniper berries; incense; pine needles; orris; amber; vanilla; sandalwood,incense; iris; amber; vanilla; sandalwood; bergamot,amber 22%; green 18%; citrus 16%,reference
byredo-bal-dafrique,Byredo,Bal d'Afrique,bergamot; lemon; neroli; african marigold; buchu; violet; cyclamen; jasmine; vetiver; musk; amber; cedar,violet; lily; jasmine; vetiver; musk; amber,florals 24%; citrus 20%; woods 20%,ours (catalog notes used)
byredo-mojave-ghost,Byredo,Mojave Ghost,ambrette; sapodilla; violet; magnolia; sandalwood; cedar; ambergris; musk,musk; violet; sandalwood; cedar; ambergris; magnolia,musk_powder 43%; woods 30%; florals 27%,reference
lelabo-santal-33,Le Labo,Santal 33,cardamom; iris; violet; ambrox; sandalwood; papyrus; cedar; leather,ambergris; sandalwood; cedar; leather; cardamom; iris,woods 41%; musk_powder 23%; oud_leather 15%,reference
lelabo-rose-31,Le Labo,Rose 31,rose; cumin; cistus; olibanum; agarwood; guaiac wood; cedar; vetiver; amber; musk,amber; incense; oud; guaiac; cedar; vetiver,woods 34%; amber 30%; musk_powder 11%,reference
lelabo-the-noir-29,Le Labo,Thé Noir 29,fig; bay leaf; bergamot; black tea; cedar; vetiver; musk; tobacco; hay,tea; cedar; vetiver; musk; tobacco; fig,green 42%; woods 22%; oud_leather 13%,reference
mm-jazz-club,Maison Margiela,Replica Jazz Club,pink pepper; neroli; lemon; rum; clary sage; vetiver; tobacco leaf; vanilla; styrax,boozy; sage; vetiver; tobacco; vanilla; benzoin,gourmand 24%; citrus 18%; amber 13%,reference
mm-by-the-fireplace,Maison Margiela,Replica By the Fireplace,pink pepper; orange blossom; clove; chestnut; guaiac wood; juniper; vanilla; peru balsam; cashmeran,almond; guaiac; herbs; vanilla; benzoin; cashmere,gourmand 24%; woods 24%; spices 18%,reference
mm-lazy-sunday-morning,Maison Margiela,Replica Lazy Sunday Morning,pear; aldehydes; lily of the valley; iris; rose; orange blossom; white musk; ambrette; patchouli,musk; iris; rose; orange_blossom; patchouli; pear,musk_powder 47%; florals 20%; woods 13%,reference
jm-wood-sage-sea-salt,Jo Malone London,Wood Sage & Sea Salt,ambrette; sea salt; sage; seaweed; driftwood,sea; sage; musk,aquatic 64%; green 20%; musk_powder 16%,reference
jm-english-pear-freesia,Jo Malone London,English Pear & Freesia,pear; melon; freesia; rose; patchouli; rhubarb; amber; musk,lily; rose; patchouli; amber; musk; pear,florals 24%; fruity 19%; green 14%,reference
jm-peony-blush-suede,Jo Malone London,Peony & Blush Suede,red apple; peony; jasmine; rose; carnation; suede,peony; jasmine; rose; leather; apple; magnolia,florals 50%; oud_leather 20%; white_florals 17%,reference
chloe-edp,Chloé,Chloé Eau de Parfum,peony; lychee; freesia; rose; lily of the valley; magnolia; cedar; amber,lily; rose; cedar; amber; peony; lychee,florals 59%; woods 15%; amber 15%,reference
valentino-donna-born-in-roma,Valentino,Donna Born in Roma,pink pepper; blackcurrant; bergamot; jasmine sambac; vanilla; cashmeran; guaiac wood,jasmine; vanilla; cashmere; guaiac; pepper; berries,woods 34%; gourmand 17%; white_florals 14%,reference
prada-paradoxe,Prada,Paradoxe,bergamot; pear; mandarin; neroli; jasmine; amber; musk; vanilla,neroli; jasmine; amber; musk; vanilla; bergamot,citrus 33%; gourmand 15%; amber 15%,reference
prada-lhomme,Prada,L'Homme,neroli; black pepper; cardamom; iris; violet; geranium; amber; patchouli; cedar; sandalwood,iris; violet; amber; patchouli; cedar; sandalwood,woods 35%; florals 20%; spices 16%,reference
burberry-her,Burberry,Burberry Her,strawberry; raspberry; blackberry; sour cherry; mandarin; violet; jasmine; musk; vanilla; cashmeran; amber,berries; violet; jasmine; musk; vanilla; cashmere,fruity 30%; gourmand 11%; woods 11%,reference
dg-light-blue,Dolce&Gabbana,Light Blue,lemon; apple; bellflower; bamboo; jasmine; white rose; cedar; musk; amber,jasmine; rose; cedar; musk; amber; lemon,florals 20%; woods 13%; amber 13%,reference
narciso-for-her,Narciso Rodriguez,For Her Eau de Parfum,rose; peach; musk; amber; patchouli,musk; amber; patchouli; rose; peach,woods 24%; amber 24%; musk_powder 20%,reference
mugler-alien,Mugler,Alien,jasmine sambac; cashmeran; amber,cashmere; amber; jasmine,amber 40%; woods 33%; white_florals 27%,reference
mugler-angel,Mugler,Angel,melon; coconut; mandarin; bergamot; cotton candy; honey; red berries; plum; apricot; jasmine; rose; patchouli; chocolate; caramel; vanilla; tonka bean; amber; musk,caramel; honey; berries; plum; peach; jasmine,gourmand 40%; fruity 21%; citrus 9%,reference
armani-my-way,Giorgio Armani,My Way,bergamot; orange blossom; tuberose; jasmine; vanilla; white musk; cedar,tuberose; jasmine; vanilla; musk; cedar; bergamot,white_florals 39%; gourmand 17%; woods 17%,reference
armani-acqua-di-gio,Giorgio Armani,Acqua di Giò,lime; lemon; bergamot; jasmine; orange; mandarin; sea notes; peach; calone; freesia; hyacinth; rose; white musk; cedar; oakmoss; patchouli; amber,sea; lily; peach; rose; musk; cedar,citrus 24%; woods 21%; florals 18%,reference
armani-acqua-di-gio-profondo,Giorgio Armani,Acqua di Giò Profondo,sea notes; bergamot; green mandarin; rosemary; lavender; cypress; mastic; mineral notes; musk; patchouli; amber,sea; herbs; lavender; benzoin; musk; patchouli,green 27%; amber 20%; aquatic 18%,reference
armani-code,Giorgio Armani,Armani Code,lemon; bergamot; star anise; olive blossom; guaiac wood; leather; tonka bean; tobacco,guaiac; leather; tonka; tobacco; lemon; bergamot,oud_leather 33%; citrus 22%; gourmand 17%,reference
versace-eros,Versace,Eros,mint; green apple; lemon; tonka bean; ambroxan; geranium; vanilla; vetiver; oakmoss; cedar,tonka; ambergris; vanilla; vetiver; moss; cedar,woods 35%; gourmand 22%; florals 10%,reference
rabanne-1-million,Rabanne,1 Million,blood mandarin; grapefruit; mint; cinnamon; spicy notes; rose; amber; leather; woody notes; patchouli,cinnamon; rose; amber; leather; patchouli; mandarin,woods 24%; spices 20%; citrus 16%,reference
rabanne-lady-million,Rabanne,Lady Million,neroli; raspberry; lemon; jasmine; gardenia; orange blossom; patchouli; honey; amber,jasmine; gardenia; orange_blossom; patchouli; honey; amber,white_florals 33%; citrus 18%; gourmand 13%,reference
jpg-le-male,Jean Paul Gaultier,Le Male,mint; lavender; cardamom; bergamot; artemisia; cinnamon; orange blossom; cumin; vanilla; sandalwood; amber; cedar; tonka bean,cinnamon; orange_blossom; vanilla; sandalwood; amber; cedar,spices 22%; green 18%; gourmand 18%,reference
jpg-le-male-le-parfum,Jean Paul Gaultier,Le Male Le Parfum,cardamom; lavender; iris; vanilla; woody notes,lavender; iris; vanilla; cardamom; woods,gourmand 23%; woods 23%; green 19%,reference
hermes-terre,Hermès,Terre d'Hermès,orange; grapefruit; pepper; pelargonium; flint; vetiver; cedar; patchouli; benzoin,pepper; vetiver; cedar; patchouli; benzoin; orange,woods 43%; citrus 19%; amber 14%,reference
givenchy-linterdit,Givenchy,L'Interdit,pear; bergamot; tuberose; orange blossom; jasmine; patchouli; vetiver; ambroxan; vanilla,tuberose; orange_blossom; jasmine; patchouli; vetiver; ambergris,white_florals 32%; woods 26%; gourmand 13%,reference
boss-bottled,Hugo Boss,Boss Bottled,apple; plum; lemon; bergamot; geranium; cinnamon; mahogany; carnation; vanilla; sandalwood; cedar; vetiver,cinnamon; magnolia; vanilla; sandalwood; cedar; vetiver,woods 39%; florals 15%; citrus 14%,reference
montblanc-explorer,Montblanc,Explorer,bergamot; pink pepper; clary sage; vetiver; leather; patchouli; ambroxan,vetiver; leather; patchouli; ambergris; bergamot; pepper,woods 32%; musk_powder 18%; oud_leather 15%,reference
diptyque-philosykos,Diptyque,Philosykos,fig leaf; green notes; fig; coconut; cedar; woody notes,fig; coconut; cedar; woods; greens,green 43%; woods 40%; gourmand 17%,reference
diptyque-do-son,Diptyque,Do Son,orange blossom; pink pepper; rose; tuberose; musk; benzoin,tuberose; musk; benzoin; orange_blossom; pepper; rose,white_florals 31%; amber 21%; musk_powder 21%,reference
sdj-cheirosa-62,Sol de Janeiro,Cheirosa 62,pistachio; almond; jasmine; heliotrope; salted caramel; vanilla; sandalwood,almond; jasmine; caramel; vanilla; sandalwood; magnolia,gourmand 56%; woods 17%; florals 14%,reference
